Date,EmployeeName,Plan,PolicyNumber,Premium,Hobby,MaritalStatus
05-01-2023,John Doe,Gold,AB12345,150,Photography,Married
05-02-2023,Jane Smith,Silver,CD67890,100,Reading,Single
05-03-2023,Michael Brown,Bronze,EF10111,50,Traveling,Divorced
05-04-2023,Alice Johnson,Gold,GH12121,150,Cooking,Married
05-05-2023,Bob Wilson,Silver,IJ13131,100,Hiking,Single
05-06-2023,Carol Martinez,Bronze,KL14141,50,Swimming,Divorced
05-07-2023,David Anderson,Gold,MN15151,150,Gaming,Married
05-08-2023,Eva Thomas,Silver,OP16161,100,Painting,Single
05-09-2023,Frank Jackson,Bronze,QR17171,50,Writing,Divorced
05-10-2023,Grace White,Gold,ST18181,150,Dancing,Married
